id,station_code,sample_date,sampling,sample_point,bod,bod_bdl,cod,cod_bdl,nh3n,nh3n_bdl,no3n,no3n_bdl,ph,ph_bdl,oil_grease,oil_grease_bdl,tss,tss_bdl,temperature,compliance,source_year,created_at
1,PTG248,2023-01-03,2,FE,5.0,False,20.0,False,8.0,False,1.0,True,7.0,False,2.0,False,4.0,False,29.0,Comply,2023,2026-06-11T05:04:42.691201+00:00
2,PTG248,2023-01-11,2,FE,6.0,False,28.0,False,7.0,False,1.0,True,7.5,False,2.0,False,10.0,False,29.0,Comply,2023,2026-06-11T05:04:42.691201+00:00
3,PTG248,2023-01-18,2,FE,13.0,False,48.0,False,14.0,False,1.0,True,7.4,False,8.0,False,7.0,False,29.0,Comply,2023,2026-06-11T05:04:42.691201+00:00
4,PTG248,2023-01-26,2,FE,4.0,False,26.0,False,9.0,False,1.0,True,7.4,False,4.0,False,2.0,False,29.0,Comply,2023,2026-06-11T05:04:42.691201+00:00
5,PTG248,2023-01-30,2,FE,7.0,False,20.0,False,8.0,False,1.0,True,7.6,False,2.0,False,4.0,False,29.0,Comply,2023,2026-06-11T05:04:42.691201+00:00
6,PTG248,2023-02-09,2,FE,3.0,False,34.0,False,12.0,False,1.0,True,7.2,False,1.0,False,2.0,False,29.0,Comply,2023,2026-06-11T05:04:42.691201+00:00
7,PTG248,2023-02-16,2,FE,4.0,False,16.0,False,11.0,False,1.0,True,7.5,False,1.0,True,2.0,True,29.0,Comply,2023,2026-06-11T05:04:42.691201+00:00
8,PTG248,2023-02-21,2,FE,3.0,False,22.0,False,13.0,False,1.0,True,7.5,False,3.0,False,5.0,False,29.0,Comply,2023,2026-06-11T05:04:42.691201+00:00
9,PTG248,2023-03-01,2,FE,3.0,False,32.0,False,20.0,False,1.0,True,7.6,False,1.0,True,6.0,False,29.0,Comply,2023,2026-06-11T05:04:42.691201+00:00
10,PTG248,2023-03-08,2,FE,5.0,False,24.0,False,14.0,False,1.0,True,7.4,False,1.0,False,5.0,False,29.0,Comply,2023,2026-06-11T05:04:42.691201+00:00
11,PTG248,2023-03-15,2,FE,4.0,False,20.0,False,10.0,False,1.0,True,7.4,False,1.0,True,5.0,False,29.0,Comply,2023,2026-06-11T05:04:42.691201+00:00
12,PTG248,2023-03-22,2,FE,7.0,False,20.0,False,12.0,False,1.0,True,7.5,False,1.0,True,4.0,False,29.0,Comply,2023,2026-06-11T05:04:42.691201+00:00
13,PTG248,2023-03-30,2,FE,4.0,False,18.0,False,6.0,False,1.0,True,7.5,False,2.0,False,4.0,False,29.0,Comply,2023,2026-06-11T05:04:42.691201+00:00
14,PTG248,2023-04-06,2,FE,4.0,False,36.0,False,16.0,False,1.0,True,7.5,False,3.0,False,6.0,False,29.0,Comply,2023,2026-06-11T05:04:42.691201+00:00
15,PTG248,2023-04-12,2,FE,4.0,False,20.0,False,10.0,False,1.0,True,7.3,False,1.0,False,4.0,False,29.0,Comply,2023,2026-06-11T05:04:42.691201+00:00
16,PTG248,2023-04-17,2,FE,4.0,False,16.0,False,6.0,False,1.1,False,6.8,False,3.0,False,3.0,False,29.0,Comply,2023,2026-06-11T05:04:42.691201+00:00
17,PTG248,2023-04-25,2,FE,2.0,False,20.0,False,7.0,False,1.0,True,7.3,False,4.0,False,2.0,False,29.0,Comply,2023,2026-06-11T05:04:42.691201+00:00
18,PTG248,2023-05-08,2,FE,4.0,False,28.0,False,13.0,False,1.0,True,7.4,False,2.0,False,7.0,False,29.0,Comply,2023,2026-06-11T05:04:42.691201+00:00
19,PTG248,2023-05-10,2,FE,4.0,False,20.0,False,15.0,False,1.0,True,7.4,False,2.0,False,4.0,False,29.0,Comply,2023,2026-06-11T05:04:42.691201+00:00
20,PTG248,2023-05-16,2,FE,4.0,False,36.0,False,19.0,False,1.0,True,7.3,False,1.0,True,2.0,False,29.0,Comply,2023,2026-06-11T05:04:42.691201+00:00
21,PTG248,2023-05-22,2,FE,2.0,False,15.0,False,8.0,False,1.0,True,7.2,False,4.0,False,4.0,False,29.0,Comply,2023,2026-06-11T05:04:42.691201+00:00
22,PTG248,2023-05-29,2,FE,5.0,False,16.0,False,10.0,False,1.0,True,7.5,False,2.0,False,4.0,False,29.0,Comply,2023,2026-06-11T05:04:42.691201+00:00
23,PTG248,2023-06-06,2,FE,5.0,False,21.0,False,8.0,False,1.0,True,7.2,False,1.0,False,7.0,False,29.0,Comply,2023,2026-06-11T05:04:42.691201+00:00
24,PTG248,2023-06-12,2,FE,4.0,False,14.0,False,7.0,False,1.0,True,7.5,False,3.0,False,3.0,False,29.0,Comply,2023,2026-06-11T05:04:42.691201+00:00
25,PTG248,2023-06-19,2,FE,4.0,False,16.0,False,7.0,False,1.0,True,7.4,False,3.0,False,4.0,False,29.0,Comply,2023,2026-06-11T05:04:42.691201+00:00
26,PTG248,2023-06-27,2,FE,5.0,False,24.0,False,6.0,False,1.4,False,7.4,False,1.0,True,4.0,False,29.0,Comply,2023,2026-06-11T05:04:42.691201+00:00
27,PTG248,2023-07-05,2,FE,2.0,True,20.0,False,5.0,False,1.0,True,7.3,False,1.0,False,4.0,False,29.0,Comply,2023,2026-06-11T05:04:42.691201+00:00
28,PTG248,2023-07-10,2,FE,2.0,False,20.0,False,14.0,False,1.0,True,7.4,False,2.0,False,3.0,False,29.0,Comply,2023,2026-06-11T05:04:42.691201+00:00
29,PTG248,2023-07-20,2,FE,4.0,False,24.0,False,17.0,False,1.0,True,7.5,False,3.0,False,3.0,False,29.0,Comply,2023,2026-06-11T05:04:42.691201+00:00
30,PTG248,2023-07-24,2,FE,2.0,False,20.0,False,9.0,False,1.0,True,7.2,False,2.0,False,2.0,False,29.0,Comply,2023,2026-06-11T05:04:42.691201+00:00
31,PTG248,2023-08-01,2,FE,4.0,False,40.0,False,16.0,False,1.0,True,7.6,False,3.0,False,5.0,False,29.0,Comply,2023,2026-06-11T05:04:42.691201+00:00
32,PTG248,2023-08-07,2,FE,3.0,False,25.0,True,2.0,False,5.3,False,6.7,False,4.0,False,2.0,False,29.0,Comply,2023,2026-06-11T05:04:42.691201+00:00
33,PTG248,2023-08-15,2,FE,4.0,False,26.0,False,16.0,False,1.0,True,7.6,False,2.0,False,3.0,False,29.0,Comply,2023,2026-06-11T05:04:42.691201+00:00
34,PTG248,2023-08-24,2,FE,2.0,True,24.0,False,14.0,False,1.0,True,7.2,False,3.0,False,2.0,True,29.0,Comply,2023,2026-06-11T05:04:42.691201+00:00
35,PTG248,2023-08-29,2,FE,3.0,False,25.0,True,1.0,True,13.4,False,6.8,False,4.0,False,8.0,False,29.0,Comply,2023,2026-06-11T05:04:42.691201+00:00
36,PTG248,2023-09-06,2,FE,2.0,False,25.0,True,8.0,False,1.0,True,7.3,False,3.0,False,3.0,False,29.0,Comply,2023,2026-06-11T05:04:42.691201+00:00
37,PTG248,2023-09-13,2,FE,4.0,False,25.0,True,14.0,False,1.0,True,7.4,False,3.0,False,2.0,True,29.0,Comply,2023,2026-06-11T05:04:42.691201+00:00
38,PTG248,2023-09-21,2,FE,2.0,False,28.0,False,7.0,False,1.0,True,7.2,False,6.0,False,2.0,True,29.0,Comply,2023,2026-06-11T05:04:42.691201+00:00
39,PTG248,2023-09-26,2,FE,4.0,False,25.0,True,10.0,False,1.0,True,7.5,False,1.0,True,2.0,True,29.0,Comply,2023,2026-06-11T05:04:42.691201+00:00
40,PTG248,2023-10-04,2,FE,4.0,False,24.0,False,6.0,False,1.0,True,7.0,False,6.0,False,3.0,False,29.0,Comply,2023,2026-06-11T05:04:42.691201+00:00
41,PTG248,2023-10-12,2,FE,3.0,False,25.0,True,6.0,False,1.0,True,7.2,False,1.0,True,3.0,False,29.0,Comply,2023,2026-06-11T05:04:42.691201+00:00
42,PTG248,2023-10-18,2,FE,3.0,False,25.0,True,14.0,False,1.0,True,7.4,False,3.0,False,3.0,False,29.0,Comply,2023,2026-06-11T05:04:42.691201+00:00
43,PTG248,2023-10-25,2,FE,3.0,False,25.0,True,12.0,False,1.0,True,7.5,False,2.0,False,2.0,True,29.0,Comply,2023,2026-06-11T05:04:42.691201+00:00
44,PTG248,2023-10-30,2,FE,4.0,False,44.0,False,18.0,False,1.0,True,7.4,False,4.0,False,3.0,False,29.0,Comply,2023,2026-06-11T05:04:42.691201+00:00
45,PTG248,2023-11-08,2,FE,3.0,False,25.0,True,13.0,False,1.0,True,7.6,False,4.0,False,2.0,True,29.0,Comply,2023,2026-06-11T05:04:42.691201+00:00
46,PTG248,2023-11-15,2,FE,4.0,False,25.0,True,11.0,False,1.0,True,7.2,False,4.0,False,2.0,False,29.0,Comply,2023,2026-06-11T05:04:42.691201+00:00
47,PTG248,2023-11-23,2,FE,2.0,True,25.0,True,7.0,False,1.0,True,7.4,False,4.0,False,2.0,True,29.0,Comply,2023,2026-06-11T05:04:42.691201+00:00
48,PTG248,2023-11-30,2,FE,4.0,False,34.0,False,15.0,False,1.0,True,7.3,False,2.0,False,8.0,False,29.0,Comply,2023,2026-06-11T05:04:42.691201+00:00
49,PTG248,2023-12-05,2,FE,4.0,False,25.0,True,11.0,False,1.0,True,7.2,False,1.0,False,3.0,False,29.0,Comply,2023,2026-06-11T05:04:42.691201+00:00
50,PTG248,2023-12-21,2,FE,3.0,False,26.0,False,11.0,False,1.0,True,7.5,False,1.0,False,2.0,True,29.0,Comply,2023,2026-06-11T05:04:42.691201+00:00
51,PTG248,2023-12-28,2,FE,2.0,False,25.0,True,10.0,False,1.0,True,7.4,False,1.0,False,3.0,False,29.0,Comply,2023,2026-06-11T05:04:43.749232+00:00
52,PTG248,2024-01-04,2,FE,4.0,False,25.0,True,7.0,False,1.0,True,7.6,False,1.0,True,2.0,False,29.0,Comply,2024,2026-06-11T05:04:43.749232+00:00
53,PTG248,2024-01-08,2,FE,4.0,False,25.0,True,7.0,False,1.0,True,7.6,False,1.0,True,4.0,False,29.0,Comply,2024,2026-06-11T05:04:43.749232+00:00
54,PTG248,2024-01-16,2,FE,7.0,False,36.0,False,9.0,False,1.0,True,7.4,False,2.0,False,5.0,False,29.0,Comply,2024,2026-06-11T05:04:43.749232+00:00
55,PTG248,2024-01-23,2,FE,4.0,False,25.0,True,12.0,False,1.0,True,7.6,False,2.0,False,2.0,False,29.0,Comply,2024,2026-06-11T05:04:43.749232+00:00
56,PTG248,2024-01-30,2,FE,9.0,False,44.0,False,10.0,False,1.0,True,7.5,False,4.0,False,5.0,False,29.0,Comply,2024,2026-06-11T05:04:43.749232+00:00
57,PTG248,2024-02-07,2,FE,5.0,False,25.0,True,11.0,False,1.0,True,7.5,False,2.0,False,2.0,True,29.0,Comply,2024,2026-06-11T05:04:43.749232+00:00
58,PTG248,2024-02-15,2,FE,2.0,False,25.0,True,10.0,False,1.0,True,7.5,False,1.0,True,2.0,True,29.0,Comply,2024,2026-06-11T05:04:43.749232+00:00
59,PTG248,2024-02-20,2,FE,2.0,False,25.0,True,11.0,False,1.0,True,7.5,False,5.0,False,2.0,True,29.0,Comply,2024,2026-06-11T05:04:43.749232+00:00
60,PTG248,2024-02-27,2,FE,4.0,False,25.0,True,11.0,False,1.0,True,7.3,False,1.0,False,2.0,True,29.0,Comply,2024,2026-06-11T05:04:43.749232+00:00
61,PTG248,2024-03-07,2,FE,2.0,False,25.0,True,12.0,False,1.0,True,7.4,False,1.0,False,3.0,False,29.0,Comply,2024,2026-06-11T05:04:43.749232+00:00
62,PTG248,2024-03-14,2,FE,2.0,False,25.0,True,13.0,False,1.0,True,7.5,False,1.0,False,4.0,False,29.0,Comply,2024,2026-06-11T05:04:43.749232+00:00
63,PTG248,2024-03-18,2,FE,3.0,False,25.0,True,7.0,False,1.0,True,7.2,False,1.0,False,2.0,False,29.0,Comply,2024,2026-06-11T05:04:43.749232+00:00
64,PTG248,2024-03-26,2,FE,3.0,False,25.0,True,11.0,False,1.0,True,7.5,False,1.0,False,2.0,False,29.0,Comply,2024,2026-06-11T05:04:43.749232+00:00
65,PTG248,2024-04-01,2,FE,3.0,False,25.0,True,10.0,False,1.0,True,7.4,False,2.0,False,2.0,True,29.0,Comply,2024,2026-06-11T05:04:43.749232+00:00
66,PTG248,2024-04-15,2,FE,3.0,False,25.0,True,9.0,False,1.0,True,7.6,False,2.0,False,2.0,True,29.0,Comply,2024,2026-06-11T05:04:43.749232+00:00
67,PTG248,2024-04-18,2,FE,2.0,False,25.0,True,14.0,False,1.0,True,7.3,False,2.0,False,2.0,True,29.0,Comply,2024,2026-06-11T05:04:43.749232+00:00
68,PTG248,2024-04-24,2,FE,3.0,False,25.0,True,12.0,False,1.0,True,7.5,False,1.0,True,2.0,True,29.0,Comply,2024,2026-06-11T05:04:43.749232+00:00
69,PTG248,2024-05-08,2,FE,3.0,False,20.0,False,8.0,False,1.0,True,7.4,False,1.0,True,2.0,True,29.0,Comply,2024,2026-06-11T05:04:43.749232+00:00
70,PTG248,2024-05-13,2,FE,4.0,False,25.0,True,10.0,False,1.0,True,7.0,False,2.0,False,2.0,True,29.0,Comply,2024,2026-06-11T05:04:43.749232+00:00
71,PTG248,2024-05-15,2,FE,3.0,False,24.0,False,9.0,False,1.0,True,6.8,False,3.0,False,2.0,True,29.0,Comply,2024,2026-06-11T05:04:43.749232+00:00
72,PTG248,2024-05-23,2,FE,2.0,False,25.0,True,12.0,False,1.0,True,7.4,False,1.0,True,2.0,True,29.0,Comply,2024,2026-06-11T05:04:43.749232+00:00
73,PTG248,2024-05-27,2,FE,2.0,False,25.0,True,10.0,False,1.0,True,7.5,False,2.0,False,3.0,False,29.0,Comply,2024,2026-06-11T05:04:43.749232+00:00
74,PTG248,2024-06-06,2,FE,9.0,False,25.0,True,12.0,False,1.0,True,7.5,False,1.0,True,2.0,True,29.0,Comply,2024,2026-06-11T05:04:43.749232+00:00
75,PTG248,2024-06-10,2,FE,3.0,False,25.0,True,11.0,False,1.0,True,7.7,False,1.0,True,2.0,False,29.0,Comply,2024,2026-06-11T05:04:43.749232+00:00
76,PTG248,2024-06-18,2,FE,3.0,False,25.0,True,9.0,False,1.0,True,7.0,False,2.0,False,2.0,True,29.0,Comply,2024,2026-06-11T05:04:43.749232+00:00
77,PTG248,2024-06-26,2,FE,4.0,False,25.0,True,11.0,False,1.0,True,7.3,False,1.0,True,2.0,True,29.0,Comply,2024,2026-06-11T05:04:43.749232+00:00
78,PTG248,2024-07-03,2,FE,5.0,False,25.0,True,11.0,False,1.0,True,7.3,False,2.0,False,2.0,True,29.0,Comply,2024,2026-06-11T05:04:43.749232+00:00
79,PTG248,2024-07-16,2,FE,4.0,False,20.0,False,13.0,False,1.0,True,7.4,False,2.0,False,2.0,True,29.0,Comply,2024,2026-06-11T05:04:43.749232+00:00
80,PTG248,2024-07-24,2,FE,3.0,False,25.0,True,9.0,False,1.0,True,7.3,False,2.0,False,2.0,True,29.0,Comply,2024,2026-06-11T05:04:43.749232+00:00
81,PTG248,2024-07-29,2,FE,4.0,False,25.0,True,8.0,False,1.0,True,7.5,False,3.0,False,2.0,True,29.0,Comply,2024,2026-06-11T05:04:43.749232+00:00
82,PTG248,2024-08-08,2,FE,10.0,False,25.0,True,6.0,False,1.0,True,6.8,False,1.0,True,2.0,True,29.0,Comply,2024,2026-06-11T05:04:43.749232+00:00
83,PTG248,2024-08-13,2,FE,4.0,False,25.0,True,13.0,False,1.0,True,7.6,False,1.0,True,2.0,True,29.0,Comply,2024,2026-06-11T05:04:43.749232+00:00
84,PTG248,2024-08-21,2,FE,4.0,False,14.0,False,8.0,False,1.0,True,7.4,False,2.0,False,2.0,True,29.0,Comply,2024,2026-06-11T05:04:43.749232+00:00
85,PTG248,2024-08-28,2,FE,7.0,False,25.0,True,11.0,False,1.0,True,7.4,False,2.0,False,5.0,False,29.0,Comply,2024,2026-06-11T05:04:43.749232+00:00
86,PTG248,2024-09-05,2,FE,6.0,False,25.0,True,10.0,False,1.0,True,7.6,False,1.0,False,2.0,True,29.0,Comply,2024,2026-06-11T05:04:43.749232+00:00
87,PTG248,2024-09-10,2,FE,8.0,False,36.0,False,10.0,False,1.0,True,7.5,False,2.0,False,4.0,False,29.0,Comply,2024,2026-06-11T05:04:43.749232+00:00
88,PTG248,2024-09-19,2,FE,4.0,False,25.0,True,8.0,False,1.0,True,7.6,False,1.0,False,2.0,True,29.0,Comply,2024,2026-06-11T05:04:43.749232+00:00
89,PTG248,2024-09-26,2,FE,2.0,True,25.0,True,10.0,False,1.0,True,7.8,False,1.0,True,2.0,True,29.0,Comply,2024,2026-06-11T05:04:43.749232+00:00
90,PTG248,2024-10-03,2,FE,4.0,False,25.0,True,9.0,False,1.0,True,7.4,False,1.0,True,2.0,False,29.0,Comply,2024,2026-06-11T05:04:43.749232+00:00
91,PTG248,2024-10-09,2,FE,2.0,False,25.0,True,20.0,False,1.0,True,7.6,False,1.0,False,2.0,True,29.0,Comply,2024,2026-06-11T05:04:43.749232+00:00
92,PTG248,2024-10-17,2,FE,3.0,False,25.0,True,10.0,False,1.0,True,7.2,False,1.0,True,2.0,False,29.0,Comply,2024,2026-06-11T05:04:43.749232+00:00
93,PTG248,2024-10-22,2,FE,3.0,False,25.0,True,11.0,False,1.0,True,7.0,False,3.0,False,2.0,True,29.0,Comply,2024,2026-06-11T05:04:43.749232+00:00
94,PTG248,2024-10-29,2,FE,3.0,False,25.0,True,14.0,False,1.0,True,7.4,False,4.0,False,2.0,True,29.0,Comply,2024,2026-06-11T05:04:43.749232+00:00
95,PTG248,2024-11-05,2,FE,4.0,False,25.0,True,18.0,False,1.0,True,7.4,False,2.0,False,2.0,True,29.0,Comply,2024,2026-06-11T05:04:43.749232+00:00
96,PTG248,2024-11-14,2,FE,3.0,False,25.0,True,13.0,False,1.0,True,7.4,False,1.0,False,2.0,True,29.0,Comply,2024,2026-06-11T05:04:43.749232+00:00
97,PTG248,2024-11-20,2,FE,3.0,False,27.0,False,14.0,False,1.0,True,7.2,False,1.0,False,2.0,False,29.0,Comply,2024,2026-06-11T05:04:43.749232+00:00
98,PTG248,2024-11-26,2,FE,3.0,False,25.0,True,13.0,False,1.0,True,7.2,False,2.0,False,2.0,True,29.0,Comply,2024,2026-06-11T05:04:43.749232+00:00
99,PTG248,2024-12-02,2,FE,5.0,False,29.0,False,15.0,False,1.0,True,6.8,False,2.0,False,3.0,False,29.0,Comply,2024,2026-06-11T05:04:43.749232+00:00
100,PTG248,2024-12-09,2,FE,6.0,False,28.0,False,16.0,False,1.0,True,7.0,False,3.0,False,17.0,False,29.0,Comply,2024,2026-06-11T05:04:43.749232+00:00
101,PTG248,2024-12-18,2,FE,3.0,False,25.0,True,17.0,False,1.0,True,7.2,False,2.0,False,2.0,True,29.0,Comply,2024,2026-06-11T05:04:44.763049+00:00
102,PTG248,2024-12-23,2,FE,3.0,False,25.0,True,10.0,False,1.0,True,7.2,False,2.0,False,2.0,True,29.0,Comply,2024,2026-06-11T05:04:44.763049+00:00
103,PTG248,2025-01-06,2,FE,5.0,False,25.0,True,7.0,False,1.0,True,7.3,False,3.0,False,4.0,False,29.0,Comply,2025,2026-06-11T05:04:44.763049+00:00
104,PTG248,2025-01-08,2,FE,5.0,False,25.0,True,15.0,False,1.0,True,7.0,False,1.0,False,3.0,False,29.0,Comply,2025,2026-06-11T05:04:44.763049+00:00
105,PTG248,2025-01-16,2,FE,2.0,False,30.0,False,16.0,False,1.0,True,6.8,False,1.0,False,2.0,True,29.0,Comply,2025,2026-06-11T05:04:44.763049+00:00
106,PTG248,2025-01-23,2,FE,4.0,False,25.0,True,13.0,False,1.0,True,7.7,False,1.0,False,2.0,False,29.0,Comply,2025,2026-06-11T05:04:44.763049+00:00
107,PTG248,2025-02-05,2,FE,8.0,False,28.0,False,18.0,False,1.0,True,7.1,False,3.0,False,8.0,False,29.0,Comply,2025,2026-06-11T05:04:44.763049+00:00
108,PTG248,2025-02-13,2,FE,2.0,False,25.0,True,14.0,False,1.0,True,7.3,False,3.0,False,2.0,True,29.0,Comply,2025,2026-06-11T05:04:44.763049+00:00
109,PTG248,2025-02-17,2,FE,3.0,False,25.0,True,15.0,False,1.0,True,7.1,False,3.0,False,2.0,True,29.0,Comply,2025,2026-06-11T05:04:44.763049+00:00
110,PTG248,2025-02-19,2,FE,3.0,False,26.0,False,11.0,False,1.0,True,7.3,False,1.0,False,2.0,True,29.0,Comply,2025,2026-06-11T05:04:44.763049+00:00
111,PTG248,2025-02-26,2,FE,4.0,False,25.0,True,11.0,False,1.0,True,7.1,False,4.0,False,2.0,True,29.0,Comply,2025,2026-06-11T05:04:44.763049+00:00
112,PTG248,2025-03-03,2,FE,5.0,False,28.0,False,15.0,False,1.0,True,7.6,False,2.0,False,2.0,True,29.0,Comply,2025,2026-06-11T05:04:44.763049+00:00
113,PTG248,2025-03-10,2,FE,4.0,False,25.0,True,11.0,False,1.0,True,7.2,False,4.0,False,2.0,True,29.0,Comply,2025,2026-06-11T05:04:44.763049+00:00
114,PTG248,2025-03-20,2,FE,3.0,False,25.0,True,15.0,False,1.0,True,7.3,False,1.0,True,2.0,True,29.0,Comply,2025,2026-06-11T05:04:44.763049+00:00
115,PTG248,2025-03-24,2,FE,4.0,False,25.0,True,11.0,False,1.0,True,7.3,False,1.0,False,2.0,False,29.0,Comply,2025,2026-06-11T05:04:44.763049+00:00
116,PTG248,2025-04-10,2,FE,3.0,False,25.0,True,14.0,False,1.0,True,7.3,False,2.0,False,2.0,False,29.0,Comply,2025,2026-06-11T05:04:44.763049+00:00
117,PTG248,2025-04-16,2,FE,4.0,False,25.0,True,14.0,False,1.0,True,7.2,False,3.0,False,2.0,True,29.0,Comply,2025,2026-06-11T05:04:44.763049+00:00
118,PTG248,2025-04-24,2,FE,7.0,False,25.0,True,11.0,False,1.0,True,7.1,False,1.0,True,5.0,False,29.0,Comply,2025,2026-06-11T05:04:44.763049+00:00
119,PTG248,2025-04-28,2,FE,5.0,False,25.0,True,11.0,False,1.0,True,7.5,False,1.0,False,3.0,False,29.0,Comply,2025,2026-06-11T05:04:44.763049+00:00
120,PTG248,2025-05-05,2,FE,11.0,False,24.0,False,9.0,False,1.0,True,7.3,False,5.0,False,6.0,False,29.0,Comply,2025,2026-06-11T05:04:44.763049+00:00
121,PTG248,2025-05-07,2,FE,4.0,False,25.0,True,9.0,False,1.0,True,7.1,False,1.0,False,3.0,False,29.0,Comply,2025,2026-06-11T05:04:44.763049+00:00
122,PTG248,2025-05-13,2,FE,4.0,False,30.0,False,10.0,False,1.0,True,7.3,False,3.0,False,2.0,True,29.0,Comply,2025,2026-06-11T05:04:44.763049+00:00
123,PTG248,2025-05-19,2,FE,7.0,False,25.0,True,12.0,False,1.0,True,7.3,False,1.0,False,4.0,False,29.0,Comply,2025,2026-06-11T05:04:44.763049+00:00
124,PTG248,2025-05-26,2,FE,8.0,False,40.0,False,20.0,False,1.0,True,7.5,False,3.0,False,6.0,False,29.0,Comply,2025,2026-06-11T05:04:44.763049+00:00
125,PTG248,2025-06-03,2,FE,4.0,False,30.0,False,15.0,False,1.0,True,7.7,False,2.0,False,2.0,False,29.0,Comply,2025,2026-06-11T05:04:44.763049+00:00
126,PTG248,2025-06-11,2,FE,3.0,False,25.0,True,11.0,False,1.0,True,7.3,False,4.0,False,2.0,True,29.0,Comply,2025,2026-06-11T05:04:44.763049+00:00
127,PTG248,2025-06-16,2,FE,8.0,False,25.0,True,12.0,False,1.0,True,7.6,False,2.0,False,2.0,True,29.0,Comply,2025,2026-06-11T05:04:44.763049+00:00
128,PTG248,2025-06-23,2,FE,2.0,False,25.0,True,14.0,False,1.0,True,7.4,False,2.0,False,2.0,True,29.0,Comply,2025,2026-06-11T05:04:44.763049+00:00
129,PTG248,2025-07-02,2,FE,3.0,False,25.0,True,9.0,False,1.0,True,7.5,False,2.0,False,2.0,True,29.0,Comply,2025,2026-06-11T05:04:44.763049+00:00
130,PTG248,2025-07-09,2,FE,4.0,False,25.0,True,14.0,False,1.0,True,7.6,False,2.0,False,2.0,True,29.0,Comply,2025,2026-06-11T05:04:44.763049+00:00
131,PTG248,2025-07-14,2,FE,2.0,False,25.0,True,12.0,False,1.0,True,7.9,False,4.0,False,2.0,True,29.0,Comply,2025,2026-06-11T05:04:44.763049+00:00
132,PTG248,2025-07-21,2,FE,3.0,False,25.0,True,10.0,False,1.0,True,7.0,False,3.0,False,2.0,True,29.0,Comply,2025,2026-06-11T05:04:44.763049+00:00
133,PTG248,2025-07-30,2,FE,2.0,False,25.0,True,12.0,False,1.0,True,7.8,False,1.0,True,2.0,True,29.0,Comply,2025,2026-06-11T05:04:44.763049+00:00
134,PTG248,2025-08-06,2,FE,3.0,False,38.0,False,16.0,False,1.0,True,7.4,False,2.0,False,3.0,False,29.0,Comply,2025,2026-06-11T05:04:44.763049+00:00
135,PTG248,2025-08-11,2,FE,3.0,False,25.0,True,10.0,False,1.0,True,7.5,False,3.0,False,2.0,True,29.0,Comply,2025,2026-06-11T05:04:44.763049+00:00
136,PTG248,2025-08-18,2,FE,3.0,False,25.0,True,11.0,False,1.0,True,7.6,False,4.0,False,2.0,True,29.0,Comply,2025,2026-06-11T05:04:44.763049+00:00
137,PTG248,2025-08-25,2,FE,5.0,False,25.0,True,11.0,False,1.0,True,7.2,False,1.0,False,3.0,False,29.0,Comply,2025,2026-06-11T05:04:44.763049+00:00
138,PTG248,2025-09-03,2,FE,3.0,False,25.0,True,10.0,False,1.0,True,6.8,False,1.0,True,2.0,True,29.0,Comply,2025,2026-06-11T05:04:44.763049+00:00
139,PTG248,2025-09-17,2,FE,2.0,True,25.0,True,7.0,False,1.0,True,7.3,False,4.0,False,2.0,True,29.0,Comply,2025,2026-06-11T05:04:44.763049+00:00
140,PTG248,2025-09-22,2,FE,6.0,False,25.0,True,10.0,False,1.0,True,7.4,False,4.0,False,3.0,False,29.0,Comply,2025,2026-06-11T05:04:44.763049+00:00
141,PTG248,2025-10-01,2,FE,3.0,False,25.0,True,10.0,False,1.0,True,7.1,False,1.0,True,2.0,True,29.0,Comply,2025,2026-06-11T05:04:44.763049+00:00
142,PTG248,2025-10-09,2,FE,3.0,False,25.0,True,8.0,False,1.0,True,7.3,False,10.0,False,2.0,True,29.0,Comply,2025,2026-06-11T05:04:44.763049+00:00
143,PTG248,2025-10-13,2,FE,4.0,False,25.0,True,16.0,False,1.4,False,7.1,False,1.0,True,5.0,False,29.0,Comply,2025,2026-06-11T05:04:44.763049+00:00
144,PTG248,2025-10-21,2,FE,6.0,False,28.0,False,18.0,False,1.0,True,7.0,False,1.0,False,8.0,False,29.0,Comply,2025,2026-06-11T05:04:44.763049+00:00
145,PTG248,2025-10-28,2,FE,6.0,False,25.0,True,17.0,False,1.0,True,7.3,False,2.0,False,4.0,False,29.0,Comply,2025,2026-06-11T05:04:44.763049+00:00
146,PTG248,2025-11-03,2,FE,7.0,False,26.0,False,16.0,False,1.0,True,7.4,False,2.0,False,4.0,False,29.0,Comply,2025,2026-06-11T05:04:44.763049+00:00
147,PTG248,2025-11-12,2,FE,4.0,False,25.0,True,9.0,False,1.0,True,7.4,False,2.0,False,7.0,False,29.0,Comply,2025,2026-06-11T05:04:44.763049+00:00
148,PTG248,2025-11-17,2,FE,4.0,False,25.0,True,9.0,False,1.0,True,6.4,False,2.0,False,5.0,False,29.0,Comply,2025,2026-06-11T05:04:44.763049+00:00
149,PTG248,2025-11-27,2,FE,2.0,True,25.0,True,13.0,False,1.0,True,7.3,False,1.0,True,2.0,True,29.0,Comply,2025,2026-06-11T05:04:44.763049+00:00
150,PTG248,2025-12-04,2,FE,4.0,False,25.0,True,13.0,False,1.0,True,7.2,False,2.0,False,3.0,False,29.0,Comply,2025,2026-06-11T05:04:44.763049+00:00
151,PTG248,2025-12-08,2,FE,4.0,False,25.0,True,10.0,False,1.0,True,7.4,False,2.0,False,2.0,True,29.0,Comply,2025,2026-06-11T05:04:45.759719+00:00
152,PTG248,2025-12-15,2,FE,6.0,False,27.0,False,14.0,False,1.0,True,7.2,False,3.0,False,4.0,False,29.0,Comply,2025,2026-06-11T05:04:45.759719+00:00
153,PTG248,2025-12-22,2,FE,5.0,False,25.0,True,10.0,False,1.0,True,7.4,False,3.0,False,2.0,False,29.0,Comply,2025,2026-06-11T05:04:45.759719+00:00
154,PTG248,2025-12-30,2,FE,2.0,False,25.0,True,1.0,False,1.0,False,6.5,False,1.0,True,2.0,True,29.0,Comply,2025,2026-06-11T05:04:45.759719+00:00
